[

	{
		"qiestion":"В каком году Пётр I повелел создать Казанское Адмиралтейство?",
		"answers":{
			"1710":false,
			"1718": true,
			"1722":false,
			"173":false,
		},
		"icon":"static/icons/pins/pin2.png",
		"category":"build"
	},
	{
		"qiestion":"На месте какого древнего поселения Казани была основана Адмиралтейская Слобода?",
		"answers":{
			"Деревня Куземетьево":false,
			"Деревня Аракчино": false,
			"Село Бишбалта":true,
			"Село Ягодная поляна ":false,
		},
		"icon":"static/icons/pins/pin2.png",
		"category":"map"
	},
	{
		"qiestion":"Где находилась галера «Тверь» Екатерины II до пожара в 1957 году?",
		"answers":{
			"Адмиралтейская Слобода":true,
			"Остров-град Свияжск": false,
			"Васильево":false,
			"Архиерейская Дача":false,
		},
		"icon":"static/icons/pins/pin2.png",
		"category":"map"
	},
	{
		"qiestion":"В каком из волжских поселений вблизи Казани начали ремонтировать суда в XIX веке?",
		"answers":{
			"Деревня Кабачищи":true,
			"Село Гари": false,
			"Посёлок Паратск":false,
			"Станция Зелёный Дол":false,
		},
		"icon":"static/icons/pins/pin2.png",
		"category":"map"
	},
	{
		"qiestion":"В каком году начинается история Зеленодольского судостроительного завода?",
		"answers":{
			"1907":false,
			"1895": true,
			"1918":false,
			"1922":false,
		},
		"icon":"static/icons/pins/pin2.png",
		"category":"build"
	},
	{
		"qiestion":"Какое название первоначально носил судостроительный завод?",
		"answers":{
		"Волжский корабельный завод":false,
		"Паратский металлургический завод ": false,
		"Волжский сталелитейный завод ":false,
		"Паратские судоремонтные мастерские":true,
		},
		"icon":"static/icons/pins/pin2.png",
		"category":"build"
	},
	{
		"qiestion":"Какое название в 1922 году получил Волжский автономный судостроительный завод?",
		"answers":{
			"Волжский корабел":false,
			"Паратский металлург": false,
			"Красный металлист":true,
			"Волжский сталевар":false,
		},
		"icon":"static/icons/pins/pin2.png",
		"category":"build"
	},
	{
		"qiestion":"В каком году судостроительному заводу присвоили имя советского писателя Максима Горького?",
		"answers":{
			"1932":true,
			"1934": false,
			"1941":false,
			"1945":false,
		},
		"icon":"static/icons/pins/pin2.png",
		"category":"cat"
	},
	{
		"qiestion":"Назовите бронекатер, построенный в Зеленодольске в годы Великой Отечественной войны?",
		"answers":{
			"Зелёный Дол":false,
			"Неустрашимый": false,
			"Калюжный":true,
			"Альбатрос":false,
		},
		"icon":"static/icons/pins/pin2.png",
		"category":"build"
	},
	{
		"qiestion":"Назовите прославленного советского контр-адмирала СССР, жившего в Зеленодольске?",
		"answers":{
			"Дмитрий Рогачёв":true,
			"Геннадий Сучков":false,
			"Константин Кузнецов":false,
			"Иван Папанин":false,
		},
		"icon":"static/icons/pins/pin2.png",
		"category":"wheel"
	},
	{
		"qiestion":"В каком году в Зеленодольске было создано Центральное проектно-конструкторское бюро?",
		"answers":{
			"1941":false,
			"1945":false,
			"1947":false,
			"1949":true,
		},
		"icon":"static/icons/pins/pin2.png",
		"category":"food"
	},
	{
		"qiestion":"Какой из этих городов является побратимом Зеленодольска?",
		"answers":{
			"Зеленогорск":true,
			"Зеленоборск":false,
			"Зеленоградск":false,
			"Кронштадт":false,
		},
		"icon":"static/icons/pins/pin2.png",
		"category":"map"
	},
	{
		"qiestion":"В каком году по приказу Петра I на острове Котлин началась постройка крепости-порта Кронштадт?",
		"answers":{
			"1701":true,
			"1703":false,
			"1704":false,
			"1705":false,
		},
		"icon":"static/icons/pins/pin2.png",
		"category":"map"
	},
	{
		"qiestion":"В каком году Петром I была учреждена в Кронштадте портовая таможня?",
		"answers":{
			"1713":true,
			"1719":false,
			"1720":false,
			"1721":false,
		},
		"icon":"static/icons/pins/pin2.png",
		"category":"food"
	},
	{
		"qiestion":"Какой прославленный русский мореплаватель стал первым губернатором Кронштадта? ",
		"answers":{
			"Алексей Чириков":true,
			"Фаддей Беллинсгаузен":false,
			"Иван Крузенштерн":false,
			"Василий Головин":false,
		},
		"icon":"static/icons/pins/pin2.png",
		"category":"wheel"
	}

]